Time,Battery Charge Level (%),Consumption (W),Export (W),Import (W),Solar Production (W),StoragePower.Power (W),System Production (W)
03/20/2020 00:00,"9.4944","176.1408","0","176.1408","0","0","0"
03/20/2020 00:15,"9.4944","187.7027","0","187.7027","0","0","0"
03/20/2020 00:30,"9.4944","175.585","0","175.585","0","0","0"
03/20/2020 00:45,"9.4944","185.765","0","185.765","0","0","0"
03/20/2020 01:00,"9.4944","175.5808","0","175.5808","0","0","0"
03/20/2020 01:15,"9.4944","184.8843","0","184.8843","0","0","0"
03/20/2020 01:30,"9.4944","173.0265","0","173.0265","0","0","0"
03/20/2020 01:45,"9.4944","186.6083","0","186.6083","0","0","0"
03/20/2020 02:00,"9.4944","189.5928","0","189.5928","0","0","0"
03/20/2020 02:15,"9.4944","176.0007","0","176.0007","0","0","0"
03/20/2020 02:30,"9.4944","183.0431","0","183.0431","0","0","0"
03/20/2020 02:45,"9.4944","180.135","0","180.135","0","0","0"
03/20/2020 03:00,"9.4944","178.5741","0","178.5741","0","0","0"
03/20/2020 03:15,"9.1616","188.2097","0","188.2097","0","0","0"
03/20/2020 03:30,"8.9952","175.4632","0","175.4632","0","0","0"
03/20/2020 03:45,"8.9952","192.7945","0","192.7945","0","0","0"
03/20/2020 04:00,"8.9952","180.2076","0","180.2076","0","0","0"
03/20/2020 04:15,"8.9952","185.5909","0","185.5909","0","0","0"
03/20/2020 04:30,"8.9952","184.4006","0","184.4006","0","0","0"
03/20/2020 04:45,"8.9952","180.1526","0","180.1526","0","0","0"
03/20/2020 05:00,"8.9952","186.8801","0","186.8801","0","0","0"
03/20/2020 05:15,"8.9952","177.1841","0","177.1841","0","0","0"
03/20/2020 05:30,"8.9952","189.1209","0","189.1209","0","0","0"
03/20/2020 05:45,"8.9952","167.596","0","143.9294","0","0","23.6667"
03/20/2020 06:00,"8.9952","173.7777","0","56.4443","0","0","117.3333"
03/20/2020 06:15,"9.4944","190.9297","46.188","12.451","688.0208","463.3542","224.6667"
03/20/2020 06:30,"11.4945","168.6203","2.2218","4.5088","1156.2709","989.9375","166.3333"
03/20/2020 06:45,"14.9957","154.93","0","15.5967","1543.4584","1404.125","139.3333"
03/20/2020 07:00,"19.1623","1141.9443","4.3538","6.2982","2042.4791","902.4792","1140"
03/20/2020 07:15,"18.1604","1141.5551","30.4041","54.2925","881.8958","-235.7708","1117.6666"
03/20/2020 07:30,"15.6612","2101.8999","182.1551","115.7218","1473.5416","-694.7917","2168.3333"
03/20/2020 07:45,"15.9939","1212.208","28.521","3.3956","2112.0833","874.75","1237.3334"
03/20/2020 08:00,"13.831","2156.425","0.2879","29.3796","999.9375","-1127.3959","2127.3333"
03/20/2020 08:15,"14.9957","2226.251","5.676","92.9269","4166.9165","2027.9166","2139"
03/20/2020 08:30,"16.9922","2223.9482","22.1114","80.7263","1630","-535.3334","2165.3333"
03/20/2020 08:45,"16.4931","2077.7559","22.3754","96.1312","2189.5","220.9792","2004"
03/20/2020 09:00,"17.3286","2286.7893","476.4519","60.2412","2662.625","-40.375","2703"
03/20/2020 09:15,"20.497","2249.7927","0","328.1261","2081.2083","159.5417","1921.6666"
03/20/2020 09:30,"26.8302","2269.9597","8.6586","4.9518","4467.7085","2194.0417","2273.6667"
03/20/2020 09:45,"31.3296","2239.6477","7.8898","65.5377","1637.0834","-544.9167","2182"
03/20/2020 10:00,"29.9913","2249.2571","2.1953","23.1192","1321.625","-906.7084","2228.3333"
03/20/2020 10:15,"27.8284","1187.6681","287.8083","2.8096","1203.9375","-268.7292","1472.6666"
03/20/2020 10:30,"25.8319","1193.1813","10.6519","62.1665","1791.5834","649.9167","1141.6666"
03/20/2020 10:45,"25.4991","2275.0762","0","82.0763","2212.5208","19.5209","2193"
03/20/2020 11:00,"27.8284","2250.7871","182.9394","902.0598","3955.5833","2423.9167","1531.6666"
03/20/2020 11:15,"32.827","2061.5686","753.3339","58.9024","5125.6875","2369.6875","2756"
03/20/2020 11:30,"37.6628","2523.5208","0","199.1872","2636.6042","312.2709","2324.3335"
03/20/2020 11:45,"40.162","2210.0039","0","102.3372","5048.375","2940.7083","2107.6667"
03/20/2020 12:00,"45.1606","2230.1206","0","192.454","3511.0625","1473.3959","2037.6666"
03/20/2020 12:15,"51.4938","1234.8027","0","74.4694","4067.4375","2907.1042","1160.3334"
03/20/2020 12:30,"57.3278","2325.5112","1.9553","8.1334","4580.7915","2261.4583","2319.3333"
03/20/2020 12:45,"62.6628","2298.2012","1.4253","19.2932","4330.25","2049.9167","2280.3333"
03/20/2020 13:00,"67.8277","2250.7502","36.8465","8.93","4102.979","1824.3125","2278.6667"
03/20/2020 13:15,"71.9944","1686.5219","886.6586","4.8472","3227.8125","659.4792","2568.3333"
03/20/2020 13:30,"75.8319","2263.1599","10.3433","75.5032","3997.4375","1799.4375","2198"
03/20/2020 13:45,"79.3258","2284.5122","0","191.8454","3593.5833","1500.9166","2092.6667"
03/20/2020 14:00,"82.8306","2298.3191","50.0057","9.6579","3464.9792","1126.3125","2338.6667"
03/20/2020 14:15,"85.3262","2286.8501","0","149.5169","3040.9583","903.625","2137.3333"
03/20/2020 14:30,"87.33","1215.9767","0","76.9767","3160.0625","2021.0625","1139"
03/20/2020 14:45,"88.6646","2397.2844","12.5143","310.4656","2866.3125","766.9792","2099.3333"
03/20/2020 15:00,"89.6629","2224.3823","38.8194","99.535","2525.0208","361.3542","2163.6667"
03/20/2020 15:15,"88.6646","2332.1738","29.1391","113.9797","1273.3959","-973.9375","2247.3333"
03/20/2020 15:30,"86.9936","2291.4878","38.1563","10.644","2149.1875","-169.8125","2319"
03/20/2020 15:45,"85.3262","2257.4182","0","408.4182","901.7708","-947.2292","1849"
03/20/2020 16:00,"81.9987","2269.6372","1.3571","16.3276","1408.25","-846.4167","2254.6667"
03/20/2020 16:15,"79.3258","2236.4834","18.0254","8.5088","1082.2916","-1163.7084","2246"
03/20/2020 16:30,"75.6619","2276.5618","5.3455","8.2405","633.9792","-1639.6875","2273.6667"
03/20/2020 16:45,"70.8297","2248.4287","3.1073","24.8691","350.0208","-1876.6459","2226.6667"
03/20/2020 17:00,"65.162","2228.4009","6.2487","52.3163","243.2708","-1939.0625","2182.3333"
03/20/2020 17:15,"59.328","2210.8582","0","74.5249","0","-1997.8334","2136.3333"
03/20/2020 17:30,"53.3275","1192.5667","0","13.5666","0","-1118.5416","1179"
03/20/2020 17:45,"47.3307","2341.1458","0.7208","231.1998","0","-1766.5416","2110.6667"
03/20/2020 18:00,"41.1603","2189.9966","0","22.3299","0","-2167.6667","2167.6667"
03/20/2020 18:15,"34.9935","1175.9469","3.1548","24.435","0","-1154.6666","1154.6666"
03/20/2020 18:30,"29.1594","2232.5461","18.7345","93.6137","0","-2110.25","2157.6667"
03/20/2020 18:45,"22.8262","2135.4961","12.6885","5.1845","0","-2143","2143"
03/20/2020 19:00,"16.6594","2108.8757","171.2982","35.8405","0","-2244.3333","2244.3333"
03/20/2020 19:15,"10.829","2164.5806","0","2116.9138","0","-47.6667","47.6667"
03/20/2020 19:30,"9.9935","1655.9087","0","1655.9087","0","0","0"
03/20/2020 19:45,"9.9935","1197.5957","0","1197.5957","0","0","0"
03/20/2020 20:00,"9.4944","2170.2051","0","2170.2051","0","0","0"
03/20/2020 20:15,"9.4944","2131.0657","0","2131.0657","0","0","0"
03/20/2020 20:30,"9.4944","2137.8181","0","2137.8181","0","0","0"
03/20/2020 20:45,"9.4944","1146.118","0","1146.118","0","0","0"
03/20/2020 21:00,"9.4944","2131.4771","0","2131.4771","0","0","0"
03/20/2020 21:15,"9.4944","1157.6724","0","1157.6724","0","0","0"
03/20/2020 21:30,"9.4944","2145.6626","0","2145.6626","0","0","0"
03/20/2020 21:45,"9.4944","1144.649","0","1144.649","0","0","0"
03/20/2020 22:00,"9.4944","179.1428","0","179.1428","0","0","0"
03/20/2020 22:15,"9.4944","188.0802","0","188.0802","0","0","0"
03/20/2020 22:30,"9.4944","184.207","0","184.207","0","0","0"
03/20/2020 22:45,"8.9952","184.958","0","184.958","0","0","0"
03/20/2020 23:00,"8.9952","186.5621","0","186.5621","0","0","0"
03/20/2020 23:15,"8.9952","185.3279","0","185.3279","0","0","0"
03/20/2020 23:30,"8.9952","193.5698","0","193.5698","0","0","0"
03/20/2020 23:45,"8.9952","190.4887","0","190.4887","0","0","0"
03/21/2020 00:00,"8.9952","182.1865","0","182.1865","0","0","0"
03/21/2020 00:15,"8.9952","184.4623","0","184.4623","0","0","0"
03/21/2020 00:30,"8.9952","177.4196","0","177.4196","0","0","0"
03/21/2020 00:45,"8.9952","175.2765","0","175.2765","0","0","0"
03/21/2020 01:00,"8.9952","187.0343","0","187.0343","0","0","0"
03/21/2020 01:15,"8.9952","171.3285","0","171.3285","0","0","0"
03/21/2020 01:30,"8.9952","187.1305","0","187.1305","0","0","0"
03/21/2020 01:45,"8.9952","182.3033","0","182.3033","0","0","0"
03/21/2020 02:00,"8.9952","187.3466","0","187.3466","0","0","0"
03/21/2020 02:15,"8.9952","173.9103","0","173.9103","0","0","0"
03/21/2020 02:30,"8.9952","190.6384","0","190.6384","0","0","0"
03/21/2020 02:45,"8.9952","189.5473","0","189.5473","0","0","0"
03/21/2020 03:00,"8.9952","173.8202","0","173.8202","0","0","0"
03/21/2020 03:15,"8.9952","182.4858","0","182.4858","0","0","0"
03/21/2020 03:30,"8.9952","189.8825","0","189.8825","0","0","0"
03/21/2020 03:45,"8.9952","178.453","0","178.453","0","0","0"
03/21/2020 04:00,"8.9952","183.1962","0","183.1962","0","0","0"
03/21/2020 04:15,"8.9952","174.6417","0","174.6417","0","0","0"
03/21/2020 04:30,"8.9952","189.0686","0","189.0686","0","0","0"
03/21/2020 04:45,"8.9952","188.3906","0","188.3906","0","0","0"
03/21/2020 05:00,"8.9952","182.795","0","182.795","0","0","0"
03/21/2020 05:15,"8.9952","176.8707","0","176.8707","0","0","0"
03/21/2020 05:30,"8.9952","176.8089","0","176.8089","0","0","0"
03/21/2020 05:45,"8.8288","179.9682","0","164.9682","0","0","15"
03/21/2020 06:00,"8.4961","168.6649","0","60.6649","0","0","108"
03/21/2020 06:15,"9.1616","154.598","50.7629","7.0276","710.7292","512.3958","198.3333"
03/21/2020 06:30,"11.4945","171.4344","7.436","9.8704","1183.125","1014.125","169"
03/21/2020 06:45,"14.9957","170.8844","12.4591","6.0102","1580.8125","1403.4791","177.3333"
03/21/2020 07:00,"19.1623","1157.5073","20.895","3.069","2025.8541","850.5208","1175.3334"
03/21/2020 07:15,"20.3306","1187.0854","0.2298","21.9819","2468.6875","1303.3541","1165.3334"
03/21/2020 07:30,"22.1607","2243.8567","2.4438","67.3006","2760.0208","581.0208","2179"
03/21/2020 07:45,"24.6636","1200.3546","5.8391","61.5269","3027.2292","1882.5625","1144.6667"
03/21/2020 08:00,"27.9948","2281.8352","0","89.1683","3639.6667","1447","2192.6667"
03/21/2020 08:15,"32.1615","2204.3713","70.6287","0","3432.8333","1157.8333","2275"
03/21/2020 08:30,"36.4945","2275.9175","32.8448","60.429","3700.5208","1452.1875","2248.3333"
03/21/2020 08:45,"38.9974","2159.2786","228.0547","0","837.7083","-1903.9166","2387.3333"
03/21/2020 09:00,"40.162","2205.6016","84.737","36.0053","3802.4375","1548.1041","2254.3333"
03/21/2020 09:15,"46.1625","2287.8796","0","75.2132","3833.7917","1621.125","2212.6665"
03/21/2020 09:30,"49.1645","2313.8691","254.6581","76.8604","3772.1667","1280.5","2491.6667"
03/21/2020 09:45,"53.4939","3102.6511","8.3364","145.3208","3373.3542","407.6875","2965.6667"
03/21/2020 10:00,"53.8267","2226.3257","6.4693","70.1282","1565.75","-596.9167","2162.6667"
03/21/2020 10:15,"55.4941","2522.6013","26.4737","61.4083","4618.7085","2131.0417","2487.6665"
03/21/2020 10:30,"60.9954","2270.7227","0","120.0559","3580.0417","1429.375","2150.6667"
03/21/2020 10:45,"62.6664","2351.8755","0","1300.8755","2985.4167","1934.4167","1051"
03/21/2020 11:00,"62.9991","1194.4541","0","68.7875","2209.2292","1083.5625","1125.6666"
03/21/2020 11:15,"60.659","1184.1632","11.885","71.3815","1211.0625","86.3958","1124.6667"
03/21/2020 11:30,"57.4978","2456.012","1.1806","241.1925","1272","-944","2216"
03/21/2020 11:45,"53.4939","2235.0984","6.0009","66.7658","688.1875","-1486.1459","2174.3335"
03/21/2020 12:00,"49.3273","2247.7073","6.3338","34.7078","815.2083","-1404.125","2219.3333"
03/21/2020 12:15,"46.1625","2236.3708","9.2599","13.9641","1056.4375","-1175.2291","2231.6667"
03/21/2020 12:30,"46.4952","2531.8816","13.0519","136.2667","3665.9792","1257.3125","2408.6667"
03/21/2020 12:45,"49.3273","2233.9038","18.2909","56.8614","2433.8542","238.5208","2195.3335"
03/21/2020 13:00,"48.6581","2287.3528","0.3839","73.4033","1884.0209","-330.3125","2214.3333"
03/21/2020 13:15,"51.331","2389.8228","347.0528","24.8755","4211.4375","1499.4375","2712"
03/21/2020 13:30,"54.1594","2414.6079","168.508","9.1159","4251.979","1677.9791","2574"
03/21/2020 13:45,"57.6606","1292.2095","34.8326","17.7086","3861.7292","2552.3958","1309.3334"
03/21/2020 14:00,"60.9918","2302.417","53.2448","60.3284","3450.8958","1155.5625","2295.3335"
03/21/2020 14:15,"63.4983","2320.5752","0","78.242","3178.7708","936.4375","2242.3333"
03/21/2020 14:30,"65.6612","2365.875","79.5846","66.7929","2878.5625","499.8958","2378.6667"
03/21/2020 14:45,"66.9922","2494.8633","196.0882","73.6181","3070.1458","452.8125","2617.3333"
03/21/2020 15:00,"67.8241","1208.0453","604.3826","14.0946","2351.8958","553.5625","1798.3334"
03/21/2020 15:15,"67.6577","2295.8853","0","25.8854","2021.5209","-248.4792","2270"
03/21/2020 15:30,"66.3267","2284.0911","0","24.7577","1742.6875","-516.6458","2259.3333"
03/21/2020 15:45,"64.4965","2270.6948","2.7767","4.1383","1408.2291","-861.1041","2269.3333"
03/21/2020 16:00,"61.4945","2296.0378","8.9236","14.6282","1035.0416","-1255.2916","2290.3333"
03/21/2020 16:15,"57.827","2262.3208","0","24.9875","728.9375","-1508.3959","2237.3333"
03/21/2020 16:30,"52.9948","2214.363","1.3753","36.7383","397.4375","-1781.5625","2179"
03/21/2020 16:45,"47.8299","2197.2615","11.9485","52.8767","148.9792","-1951.1041","2156.3333"
03/21/2020 17:00,"41.9958","1168.446","30.8456","2.625","0","-1082.4375","1196.6666"
03/21/2020 17:15,"35.9954","2785.5354","13.0159","528.5512","0","-1441.3541","2270"
03/21/2020 17:30,"29.9949","2182.219","0","23.2189","0","-2132.0417","2159"
03/21/2020 17:45,"23.8281","2174.0088","6.4457","28.7877","0","-2151.6667","2151.6667"
03/21/2020 18:00,"17.6613","2268.2898","34.13","19.4196","0","-2095.8125","2283"
03/21/2020 18:15,"11.4945","2131.481","0","1070.1475","0","-1061.3334","1061.3334"
03/21/2020 18:30,"9.9935","1165.563","0","1165.563","0","0","0"
03/21/2020 18:45,"9.4944","2170.0396","0","2170.0396","0","0","0"
03/21/2020 19:00,"9.4944","1173.6862","0","1173.6862","0","0","0"
03/21/2020 19:15,"9.328","2191.1123","0","2191.1123","0","0","0"
03/21/2020 19:30,"8.9952","2137.894","0","2137.894","0","0","0"
03/21/2020 19:45,"8.9952","1642.1511","0","1642.1511","0","0","0"
03/21/2020 20:00,"8.9952","1152.902","0","1152.902","0","0","0"
03/21/2020 20:15,"8.9952","2148.4307","0","2148.4307","0","0","0"
03/21/2020 20:30,"8.9952","1163.6039","0","1163.6039","0","0","0"
03/21/2020 20:45,"8.9952","2144.8547","0","2144.8547","0","0","0"
03/21/2020 21:00,"8.9952","185.931","0","185.931","0","0","0"
03/21/2020 21:15,"8.9952","175.6342","0","175.6342","0","0","0"
03/21/2020 21:30,"8.9952","193.3476","0","193.3476","0","0","0"
03/21/2020 21:45,"8.9952","187.4122","0","187.4122","0","0","0"
03/21/2020 22:00,"8.9952","188.1826","0","188.1826","0","0","0"
03/21/2020 22:15,"8.9952","188.9587","0","188.9587","0","0","0"
03/21/2020 22:30,"8.9952","194.9467","0","194.9467","0","0","0"
03/21/2020 22:45,"8.9952","181.0874","0","181.0874","0","0","0"
03/21/2020 23:00,"8.9952","191.4874","0","191.4874","0","0","0"
03/21/2020 23:15,"8.8288","183.3123","0","183.3123","0","0","0"
03/21/2020 23:30,"8.4961","176.1774","0","176.1774","0","0","0"
03/21/2020 23:45,"8.4961","185.9257","0","185.9257","0","0","0"
03/22/2020 00:00,"8.4961","191.0159","0","191.0159","0","0","0"
03/22/2020 00:15,"8.4961","173.603","0","173.603","0","0","0"
03/22/2020 00:30,"8.4961","182.1411","0","182.1411","0","0","0"
03/22/2020 00:45,"8.4961","183.3527","0","183.3527","0","0","0"
03/22/2020 01:00,"8.4961","177.8235","0","177.8235","0","0","0"
03/22/2020 01:15,"8.4961","189.2404","0","189.2404","0","0","0"
03/22/2020 01:30,"8.4961","177.5674","0","177.5674","0","0","0"
03/22/2020 01:45,"8.4961","181.8975","0","181.8975","0","0","0"
03/22/2020 02:00,"8.4961","189.6893","0","189.6893","0","0","0"
03/22/2020 02:15,"8.4961","178.6569","0","178.6569","0","0","0"
03/22/2020 02:30,"8.4961","174.7997","0","174.7997","0","0","0"
03/22/2020 02:45,"8.4961","185.5627","0","185.5627","0","0","0"
03/22/2020 03:00,"8.4961","186.3842","0","186.3842","0","0","0"
03/22/2020 03:15,"8.4961","187.9696","0","187.9696","0","0","0"
03/22/2020 03:30,"8.4961","179.3792","0","179.3792","0","0","0"
03/22/2020 03:45,"8.4961","176.0285","0","176.0285","0","0","0"
03/22/2020 04:00,"8.4961","177.2471","0","177.2471","0","0","0"
03/22/2020 04:15,"8.4961","177.4265","0","177.4265","0","0","0"
03/22/2020 04:30,"8.4961","186.3227","0","186.3227","0","0","0"
03/22/2020 04:45,"8.4961","184.6702","0","184.6702","0","0","0"
03/22/2020 05:00,"8.4961","188.9591","0","188.9591","0","0","0"
03/22/2020 05:15,"8.4961","180.7248","0","180.7248","0","0","0"
03/22/2020 05:30,"8.4961","191.6674","0","191.6674","0","0","0"
03/22/2020 05:45,"8.4961","167.6584","0","148.9917","0","0","18.6667"
03/22/2020 06:00,"8.4961","161.5951","0","49.5951","0","0","112"
03/22/2020 06:15,"8.8288","174.7776","0","49.4442","748.1042","622.7708","125.3333"
03/22/2020 06:30,"10.9918","149.1574","12.59","2.4141","1173.875","1014.5416","159.3333"
03/22/2020 06:45,"14.3301","177.9584","0","18.2917","1571.9791","1412.3125","159.6667"
03/22/2020 07:00,"18.8296","1143.344","18.618","0.2955","2048.2708","886.6042","1161.6666"
03/22/2020 07:15,"20.1642","2207.478","0","27.1448","2485.7917","305.4583","2180.3333"
03/22/2020 07:30,"21.828","1160.0203","0.8672","69.2207","2749.9375","1658.2709","1091.6667"
03/22/2020 07:45,"24.4936","2246.7642","0","73.7641","3051.5","878.5","2173"
03/22/2020 08:00,"28.1612","1216.744","99.206","62.9501","3316.0208","2063.0208","1253"
03/22/2020 08:15,"31.9951","1196.5361","32.9473","8.8168","3502.75","2282.0833","1220.6666"
03/22/2020 08:30,"36.6609","2050.8738","6.7789","9.3193","3553.3542","1505.0209","2048.3333"
03/22/2020 08:45,"41.6594","2177.1157","47.346","18.4618","3831.9792","1625.9791","2206"
03/22/2020 09:00,"46.9944","2278.8779","9.3244","8.2023","4096.771","1816.7708","2280"
03/22/2020 09:15,"52.662","2296.5059","13.0533","13.559","4239.8125","1943.8125","2296"
03/22/2020 09:30,"58.6625","2307.6587","0","60.3254","4421.729","2174.3958","2247.3333"
03/22/2020 09:45,"64.8293","2207.0806","536.3947","2.8086","4395.3335","1654.6666","2740.6667"
03/22/2020 10:00,"70.8297","2309.3965","0","17.0632","4561.896","2269.5625","2292.3333"
03/22/2020 10:15,"77.1629","2287.2051","3.6059","10.4779","4621.729","2341.3958","2280.3333"
03/22/2020 10:30,"83.4961","2406.8667","107.532","5.0655","4821.1875","2311.8542","2509.3333"
03/22/2020 10:45,"89.4965","2455.9805","3.7131","396.6935","4845.8335","2782.8333","2063"
03/22/2020 11:00,"95.1606","2364.1377","866.8623","0","4728.021","1497.0208","3231"
03/22/2020 11:15,"98.9945","2358.1299","1491.8394","3.9691","4660.479","814.4792","3846"
03/22/2020 11:30,"99.4936","3414.1887","432.478","0","4616.0835","769.4167","3846.6667"
03/22/2020 11:45,"100","3450.1741","1061.4924","0","4508.229","-3.4375","4511.6665"
03/22/2020 12:00,"99.83","3438.1953","696.2776","5.4728","4532.229","403.2292","4129"
03/22/2020 12:15,"100","3479.3765","908.2899","0","4404.5835","16.9167","4387.6665"
03/22/2020 12:30,"99.83","3466.3706","631.0473","5.4179","4410.2915","318.2917","4092"
03/22/2020 12:45,"99.83","2969.9614","328.9525","1.9138","3610.6875","313.6875","3297"
03/22/2020 13:00,"99.6636","3462.6699","638.6635","0","4371.5415","270.2083","4101.3335"
03/22/2020 13:15,"99.3236","3508.9849","150.3304","135.6484","4057.1875","533.5208","3523.6667"
03/22/2020 13:30,"98.3254","3570.9355","0","1108.6022","2614.2708","151.9375","2462.3333"
03/22/2020 13:45,"96.4952","3260.9529","216.6697","33.9559","2953.1042","-490.5625","3443.6667"
03/22/2020 14:00,"95.3306","3399.1577","86.3087","38.4667","2941.5833","-505.4167","3447"
03/22/2020 14:15,"94.6651","1270.7205","6.5199","16.5737","3741.4167","2480.75","1260.6666"
03/22/2020 14:30,"95.8297","2275.4006","18.0903","60.4909","1810.3959","-424.8125","2233"
03/22/2020 14:45,"96.828","2284.5862","239.8793","2.1322","2710.3333","188","2522.3333"
03/22/2020 15:00,"97.4935","2353.0923","70.8304","411.256","2451.7917","439.125","2012.6666"
03/22/2020 15:15,"97.1607","1214.1464","658.0227","8.5024","2137.3542","273.6875","1863.6666"
03/22/2020 15:30,"96.3288","2243.8518","8.5088","9.3607","1668.5834","-574.4167","2243"
03/22/2020 15:45,"94.6615","2243.209","12.2795","7.1552","1361.8541","-886.4791","2248.3333"
03/22/2020 16:00,"91.9922","2263.9607","8.3257","12.2863","1020.7708","-1239.2291","2260"
03/22/2020 16:15,"88.4946","2247.2097","4.9181","34.4609","748.7292","-1468.9375","2217.6667"
03/22/2020 16:30,"84.1616","2225.1082","0","32.4415","395.2083","-1797.4584","2192.6667"
03/22/2020 16:45,"79.4958","2227.6094","16.5358","2.1453","227.1458","-2014.8541","2242"
03/22/2020 17:00,"73.8281","2208.7498","10.6086","6.0252","0","-2089.1458","2213.3333"
03/22/2020 17:15,"68.3268","1190.8381","0.9962","12.1678","0","-1095.0625","1179.6666"
03/22/2020 17:30,"62.6628","2195.7629","0","56.763","0","-2126.2917","2139"
03/22/2020 17:45,"56.6623","2192.1685","3.2094","30.7111","0","-2164.6667","2164.6667"
03/22/2020 18:00,"50.4955","2151.8018","9.3853","7.1871","0","-2145.375","2154"
03/22/2020 18:15,"44.6615","2191.4744","0","8.141","0","-2169.4792","2183.3333"
03/22/2020 18:30,"38.3283","2145.1294","3.313","20.7756","0","-2127.6667","2127.6667"
03/22/2020 18:45,"32.6606","1182.9312","1.0555","18.9867","0","-1137.9375","1165"
03/22/2020 19:00,"26.4938","2157.5781","5.5762","9.1542","0","-2154","2154"
03/22/2020 19:15,"20.4933","1176.1112","3.5953","18.04","0","-1134.5834","1161.6666"
03/22/2020 19:30,"14.6629","2159.5422","8.9656","2.8411","0","-2165.6667","2165.6667"
03/22/2020 19:45,"9.9935","2410.3511","0","2410.3511","0","0","0"
03/22/2020 20:00,"9.9935","2145.655","0","2145.655","0","0","0"
03/22/2020 20:15,"9.9935","1151.0364","0","1151.0364","0","0","0"
03/22/2020 20:30,"9.9935","2142.0996","0","2142.0996","0","0","0"
03/22/2020 20:45,"9.9935","1167.9287","0","1167.9287","0","0","0"
03/22/2020 21:00,"9.9935","2157.9678","0","2157.9678","0","0","0"
03/22/2020 21:15,"9.9935","2153.5483","0","2153.5483","0","0","0"
03/22/2020 21:30,"9.9935","2128.2234","0","2128.2234","0","0","0"
03/22/2020 21:45,"9.9935","1146.6399","0","1146.6399","0","0","0"
03/22/2020 22:00,"9.9935","1168.0795","0","1168.0795","0","0","0"
03/22/2020 22:15,"9.9935","189.5011","0","189.5011","0","0","0"
03/22/2020 22:30,"9.9935","181.5795","0","181.5795","0","0","0"
03/22/2020 22:45,"9.9935","184.1899","0","184.1899","0","0","0"
03/22/2020 23:00,"9.9935","176.6099","0","176.6099","0","0","0"
03/22/2020 23:15,"9.9935","177.6262","0","177.6262","0","0","0"
03/22/2020 23:30,"9.9935","176.9146","0","176.9146","0","0","0"
03/22/2020 23:45,"9.9935","184.4117","0","184.4117","0","0","0"
03/23/2020 00:00,"9.9935","189.8726","0","189.8726","0","0","0"
03/23/2020 00:15,"9.9935","183.4035","0","183.4035","0","0","0"
03/23/2020 00:30,"9.9935","175.956","0","175.956","0","0","0"
03/23/2020 00:45,"9.9935","175.9186","0","175.9186","0","0","0"
03/23/2020 01:00,"9.9935","174.9738","0","174.9738","0","0","0"
03/23/2020 01:15,"9.9935","177.5979","0","177.5979","0","0","0"
03/23/2020 01:30,"9.4944","175.9057","0","175.9057","0","0","0"
03/23/2020 01:45,"9.4944","180.3988","0","180.3988","0","0","0"
03/23/2020 02:00,"9.4944","189.2469","0","189.2469","0","0","0"
03/23/2020 02:15,"9.4944","184.8538","0","184.8538","0","0","0"
03/23/2020 02:30,"9.4944","185.915","0","185.915","0","0","0"
03/23/2020 02:45,"9.4944","183.9517","0","183.9517","0","0","0"
03/23/2020 03:00,"9.4944","180.876","0","180.876","0","0","0"
03/23/2020 03:15,"9.4944","178.5481","0","178.5481","0","0","0"
03/23/2020 03:30,"9.4944","197.9404","0","197.9404","0","0","0"
03/23/2020 03:45,"9.4944","179.9632","0","179.9632","0","0","0"
03/23/2020 04:00,"9.4944","184.0425","0","184.0425","0","0","0"
03/23/2020 04:15,"9.4944","179.6723","0","179.6723","0","0","0"
03/23/2020 04:30,"9.4944","186.5247","0","186.5247","0","0","0"
03/23/2020 04:45,"9.4944","171.1338","0","171.1338","0","0","0"
03/23/2020 05:00,"9.4944","169.8794","0","169.8794","0","0","0"
03/23/2020 05:15,"9.4944","178.3671","0","178.3671","0","0","0"
03/23/2020 05:30,"9.4944","187.2863","0","187.2863","0","0","0"
03/23/2020 05:45,"9.4944","164.6823","0","123.6823","0","0","41"
03/23/2020 06:00,"9.4944","123.3329","13.3657","37.6986","250.6667","151.6667","99"
03/23/2020 06:15,"10.4926","230.5749","43.1115","6.353","1010.1458","742.8125","267.3333"
03/23/2020 06:30,"13.1619","168.4839","6.9929","26.4768","1360.9375","1211.9375","149"
03/23/2020 06:45,"16.1603","162.0796","529.2537","0","1899.4791","1208.1459","691.3333"
03/23/2020 07:00,"16.8258","1198.5278","4.5455","41.4067","2411.9167","1250.25","1161.6666"
03/23/2020 07:15,"18.1568","2285.5796","11.7916","91.3713","2252.5","46.5","2206"
03/23/2020 07:30,"16.3267","2153.2468","29.3087","6.2221","827.9167","-1348.4166","2176.3333"
03/23/2020 07:45,"12.4964","2036.8145","1021.5187","0","353.8542","-2645.2708","3058.3333"
03/23/2020 08:00,"10.4926","2097.2205","0","1268.2205","1038.9375","209.9375","829"
03/23/2020 08:15,"10.9918","1210.9185","148.5806","842.1658","682.4167","165.0833","517.3333"
03/23/2020 08:30,"11.4909","2153.2344","0","1646.2344","737.1042","230.1042","507"
03/23/2020 08:45,"12.6628","2593.7998","0","1267.7999","3024.7083","1698.7084","1326"
03/23/2020 09:00,"14.9957","2188.1697","0","88.1698","1971.2084","-128.7917","2100"
03/23/2020 09:15,"12.8291","1180.1525","33.0905","55.5763","1117.9584","-39.7083","1157.6666"
03/23/2020 09:30,"10.8254","1936.8978","71.4725","405.3702","1121.8334","-481.1667","1603"
03/23/2020 09:45,"11.4945","1203.4308","0","783.7642","1736.8125","1317.1459","419.6667"
03/23/2020 10:00,"12.8328","2180.6421","7.1877","318.4964","1898.0625","28.7292","1869.3334"
03/23/2020 10:15,"15.3284","2206.6414","692.7896","68.0977","5118.5415","2287.2083","2831.3333"
03/23/2020 10:30,"20.327","2278.3347","4.8668","65.5347","2647.9375","430.2708","2217.6667"
03/23/2020 10:45,"26.9929","2102.739","63.1302","13.2025","3792.6458","1639.9791","2152.6667"
03/23/2020 11:00,"33.6625","859.2117","1117.1217","0","4618.5625","2642.2292","1976.3334"
03/23/2020 11:15,"39.9957","2144.6396","182.2168","34.8565","4525.021","2233.0208","2292"
03/23/2020 11:30,"46.6616","2508.6655","457.6676","0","4989.75","2023.4166","2966.3333"
03/23/2020 11:45,"53.6603","2348.5684","5.6139","12.1821","4794.7915","2452.7917","2342"
03/23/2020 12:00,"59.9971","1238.7434","9.2274","11.9708","4713.104","3477.1042","1236"
03/23/2020 12:15,"65.9939","2372.3308","1.1558","18.8199","4845.5835","2490.9167","2354.6667"
03/23/2020 12:30,"71.6616","2303.6572","0","21.3239","4662.125","2379.7917","2282.3333"
03/23/2020 12:45,"76.6638","2248.6958","99.9709","0","4339.5625","1990.8959","2348.6667"
03/23/2020 13:00,"81.9951","2925.2192","13.5707","588.4567","4298.4165","1948.0834","2350.3333"
03/23/2020 13:15,"85.6626","1258.9174","0","393.9174","3684.6667","2820.9375","865"
03/23/2020 13:30,"90.4948","2371.4731","195.1936","0","4439.6665","1873","2566.6667"
03/23/2020 13:45,"95.1642","2238.8823","391.3389","17.2211","3226.2292","613.2291","2613"
03/23/2020 14:00,"97.6599","2308.7456","489.2968","21.0424","3501.0625","724.0624","2777"
03/23/2020 14:15,"98.6581","2230.7429","532.2764","440.3526","3356","1033.3334","2322.6667"
03/23/2020 14:30,"99.66","2215.2068","831.8112","102.0179","2975.5833","30.5833","2945"
03/23/2020 14:45,"97.1607","2259.7871","1.4644","9.5848","749.0208","-1502.6459","2251.6667"
03/23/2020 15:00,"93.3268","2271.7815","0","16.4482","900.6042","-1354.7291","2255.3333"
03/23/2020 15:15,"91.1603","2183.7417","131.7905","23.1989","1794.5834","-497.75","2292.3333"
03/23/2020 15:30,"88.4983","2284.3794","12.1894","27.5688","821.0833","-1447.9166","2269"
03/23/2020 15:45,"85.8254","2184.6914","9.1889","39.2136","695.2083","-1459.4584","2154.6667"
03/23/2020 16:00,"82.8306","2303.9678","0","284.9677","1032.125","-986.875","2019"
03/23/2020 16:15,"79.4922","2237.7571","1.3986","112.8224","526.5833","-1536.0625","2126.3333"
03/23/2020 16:30,"74.3273","2212.3542","14.5578","8.5788","0","-2130.0625","2218.3333"
03/23/2020 16:45,"68.3268","2179.4851","7.0244","3.8428","0","-2157.7083","2182.6667"
03/23/2020 17:00,"62.4928","737.8864","414.6031","6.4895","0","-1146","1146"
03/23/2020 17:15,"56.6623","1162.5801","6.653","8.8996","0","-1141","1160.3334"
03/23/2020 17:30,"50.8283","2177.8911","24.7132","7.2711","0","-2195.3333","2195.3333"
03/23/2020 17:45,"44.6615","1183.0295","18.9037","16.9333","0","-1185","1185"
03/23/2020 18:00,"38.661","1955.3767","125.1659","11.2094","0","-2069.3333","2069.3333"
03/23/2020 18:15,"32.6606","2162.3806","2.9253","16.3059","0","-2149","2149"
03/23/2020 18:30,"26.4974","1845.2125","124.5315","222.0774","0","-1747.6666","1747.6666"
03/23/2020 18:45,"20.1606","2152.7078","2.1136","15.8213","0","-2139","2139"
03/23/2020 19:00,"13.9938","1140.6954","69.1142","15.1429","0","-1187.2709","1194.6666"
03/23/2020 19:15,"10.1599","2135.6758","0","1218.0092","0","-917.6667","917.6667"
03/23/2020 19:30,"9.9935","924.6567","0","924.6567","0","0","0"
03/23/2020 19:45,"9.9935","2163.5779","0","2163.5779","0","0","0"
03/23/2020 20:00,"9.6607","2183.7178","0","2183.7178","0","0","0"
03/23/2020 20:15,"9.4944","2164.7786","0","2164.7786","0","0","0"
03/23/2020 20:30,"9.4944","1161.6252","0","1161.6252","0","0","0"
03/23/2020 20:45,"9.4944","1178.947","0","1178.947","0","0","0"
03/23/2020 21:00,"9.4944","2139.9304","0","2139.9304","0","0","0"
03/23/2020 21:15,"9.4944","2165.3455","0","2165.3455","0","0","0"
03/23/2020 21:30,"9.4944","2196.4907","0","2196.4907","0","0","0"
03/23/2020 21:45,"9.4944","2155.3413","0","2155.3413","0","0","0"
03/23/2020 22:00,"9.4944","1155.4662","0","1155.4662","0","0","0"
03/23/2020 22:15,"9.4944","1179.0048","0","1179.0048","0","0","0"
03/23/2020 22:30,"9.4944","2138.2712","0","2138.2712","0","0","0"
03/23/2020 22:45,"9.4944","2125.469","0","2125.469","0","0","0"
03/23/2020 23:00,"9.4944","2131.1321","0","2131.1321","0","0","0"
03/23/2020 23:15,"9.4944","180.779","0","180.779","0","0","0"
03/23/2020 23:30,"9.4944","177.6254","0","177.6254","0","0","0"
03/23/2020 23:45,"9.4944","174.1214","0","174.1214","0","0","0"
03/24/2020 00:00,"9.4944","190.1444","0","190.1444","0","0","0"
03/24/2020 00:15,"8.9952","186.2017","0","186.2017","0","0","0"
03/24/2020 00:30,"8.9952","174.3439","0","174.3439","0","0","0"
03/24/2020 00:45,"8.9952","176.9142","0","176.9142","0","0","0"
03/24/2020 01:00,"8.9952","169.6263","0","169.6263","0","0","0"
03/24/2020 01:15,"8.9952","175.6266","0","175.6266","0","0","0"
03/24/2020 01:30,"8.9952","190.1486","0","190.1486","0","0","0"
03/24/2020 01:45,"8.9952","185.3161","0","185.3161","0","0","0"
03/24/2020 02:00,"8.9952","186.0345","0","186.0345","0","0","0"
03/24/2020 02:15,"8.9952","175.4468","0","175.4468","0","0","0"
03/24/2020 02:30,"8.9952","192.8559","0","192.8559","0","0","0"
03/24/2020 02:45,"8.9952","182.7752","0","182.7752","0","0","0"
03/24/2020 03:00,"8.9952","180.845","0","180.845","0","0","0"
03/24/2020 03:15,"8.9952","180.687","0","180.687","0","0","0"
03/24/2020 03:30,"8.9952","177.6422","0","177.6422","0","0","0"
03/24/2020 03:45,"8.9952","181.1065","0","181.1065","0","0","0"
03/24/2020 04:00,"8.9952","179.0023","0","179.0023","0","0","0"
03/24/2020 04:15,"8.9952","186.7258","0","186.7258","0","0","0"
03/24/2020 04:30,"8.9952","179.7273","0","179.7273","0","0","0"
03/24/2020 04:45,"8.9952","180.0071","0","180.0071","0","0","0"
03/24/2020 05:00,"8.9952","185.5959","0","185.5959","0","0","0"
03/24/2020 05:15,"8.9952","178.1915","0","178.1915","0","0","0"
03/24/2020 05:30,"8.9952","185.2825","0","185.2825","0","0","0"
03/24/2020 05:45,"8.9952","173.0339","0","119.7006","0","0","53.3333"
03/24/2020 06:00,"8.9952","174.2791","17.8543","40.1334","70.6667","0","152"
03/24/2020 06:15,"9.4944","234.636","25.8462","44.8156","670.875","455.2083","215.6667"
03/24/2020 06:30,"10.4926","146.541","13.0436","7.2513","650.4583","498.125","152.3333"
03/24/2020 06:45,"11.9936","111.0708","47.5042","3.575","895.8542","740.8542","155"
03/24/2020 07:00,"15.162","205.0978","12.0468","73.1446","1154.9584","1010.9583","144"
03/24/2020 07:15,"16.9922","221.6941","0","123.6941","778.5625","680.5625","98"
03/24/2020 07:30,"18.4932","129.6941","9.3059","0","660.2708","521.2708","139"
03/24/2020 07:45,"19.4987","142.9628","0","30.6294","612.125","499.7917","112.3333"
03/24/2020 08:00,"20.9961","174.3763","0","83.0429","685.6667","594.3333","91.3333"
03/24/2020 08:15,"22.4935","199.9095","2.2607","24.5035","731","553.3333","177.6667"
03/24/2020 08:30,"24.3273","183.9487","0","15.2821","1038.125","869.4584","168.6667"
03/24/2020 08:45,"23.3254","1183.0006","6.0316","115.6989","1198.0416","122.5833","1073.3333"
03/24/2020 09:00,"21.828","1870.3911","253.3363","45.0607","1045.7084","-1032.9584","2078.6667"
03/24/2020 09:15,"20.3306","2243.5818","41.7381","3.9866","1692.6459","-588.6875","2281.3333"
03/24/2020 09:30,"21.1625","2158.4192","5.7646","123.8504","2951.4792","911.1458","2040.3334"
03/24/2020 09:45,"19.6651","1194.7192","1.2913","60.3439","1400.75","265.0833","1135.6666"
03/24/2020 10:00,"17.3249","2246.9231","0.7053","30.6285","1315.3541","-901.6458","2217"
03/24/2020 10:15,"17.6613","2290.6409","0","28.9741","4714.125","2452.4583","2261.6667"
03/24/2020 10:30,"24.1609","2316.3484","1.9865","20.335","5079.375","2781.375","2298"
03/24/2020 10:45,"31.9951","1235.1716","23.3952","8.2335","5073.7915","3823.4583","1250.3334"
03/24/2020 11:00,"38.3283","2382.394","527.095","72.8226","5094.875","2258.2083","2836.6665"
03/24/2020 11:15,"44.8278","2316.3999","12.2668","0","5178.729","2850.0625","2328.6667"
03/24/2020 11:30,"51.161","2186.144","25.8285","207.306","2422.0625","417.3958","2004.6666"
03/24/2020 11:45,"55.9932","2430.6729","55.994","0","4597.146","2110.4792","2486.6667"
03/24/2020 12:00,"61.8273","1231.3733","0.1859","19.8926","4560.3335","3348.6667","1211.6666"
03/24/2020 12:15,"66.9922","2313.4062","10.1564","13.8959","4690.875","2381.2083","2309.6667"
03/24/2020 12:30,"71.6616","3234.1113","538.7809","974.8922","4794.1665","1996.1666","2798"
03/24/2020 12:45,"76.6602","1199.6536","42.4595","2.1131","4656.0625","3416.0625","1240"
03/24/2020 13:00,"81.9951","2256.6499","10.35","0","4756.271","2492.125","2267"
03/24/2020 13:15,"86.4945","3408.7039","1.5673","8.2712","4383.9585","981.9583","3402"
03/24/2020 13:30,"87.5","3349.3071","0","78.3071","4118.9585","847.9583","3271"
03/24/2020 13:45,"87.16","3115.8271","335.3896","217.8837","3053.5","-179.8333","3233.3333"
03/24/2020 14:00,"85.9918","3142.4041","188.6693","232.4065","2883.6667","-215","3098.6667"
03/24/2020 14:15,"84.4944","3265.3467","172.5648","282.9116","3274.0208","119.0208","3155"
03/24/2020 14:30,"81.3296","3259.1423","4.5812","6.3904","930.8333","-2326.5","3257.3333"
03/24/2020 14:45,"76.1646","2226.9019","2.1995","35.4347","657.5208","-1536.1459","2193.6667"
03/24/2020 15:00,"71.4952","2187.6633","2.699","9.029","677.1458","-1504.1875","2181.3333"
03/24/2020 15:15,"68.8296","1191.7866","134.1185","76.2385","1030.8125","-218.8541","1249.6666"
03/24/2020 15:30,"65.162","2172.0388","758.3984","9.4373","469.6667","-2387.0417","2921"
03/24/2020 15:45,"61.3281","2186.3796","42.287","0","874.75","-1353.9166","2228.6667"
03/24/2020 16:00,"57.1615","1213.4171","132.5274","4.6112","568.7292","-772.6042","1341.3334"
03/24/2020 16:15,"52.4957","1271.5437","0","38.2103","513.0625","-720.2708","1233.3334"
03/24/2020 16:30,"47.1607","2216.2903","4.0429","0","0","-2101.7708","2220.3333"
03/24/2020 16:45,"41.1603","2184.6606","1.5669","15.5609","0","-2096.3542","2170.6667"
03/24/2020 17:00,"35.3262","2382.6997","5.7279","367.4276","0","-1745.9166","2021"
03/24/2020 17:15,"29.1594","2178.0649","14.2629","9.6613","0","-2144.2083","2182.6667"
03/24/2020 17:30,"22.9962","2140.9326","9.4006","0","0","-2150.3333","2150.3333"
03/24/2020 17:45,"16.8294","1161.8969","0.3459","6.9094","0","-1142.8334","1155.3334"
03/24/2020 18:00,"11.1617","2165.5146","1.054","1056.902","0","-1109.6666","1109.6666"
03/24/2020 18:15,"9.6607","1182.3911","0","1182.3911","0","0","0"
03/24/2020 18:30,"9.4944","2199.8418","0","2199.8418","0","0","0"
03/24/2020 18:45,"9.328","2169.2217","0","2169.2217","0","0","0"
03/24/2020 19:00,"8.8288","2206.1809","0","2206.1809","0","0","0"
03/24/2020 19:15,"8.4961","2162.832","0","2162.832","0","0","0"
03/24/2020 19:30,"8.4961","1677.4111","0","1677.4111","0","0","0"
03/24/2020 19:45,"8.4961","1205.5817","0","1205.5817","0","0","0"
03/24/2020 20:00,"8.4961","2167.9365","0","2167.9365","0","0","0"
03/24/2020 20:15,"8.4961","2157.5356","0","2157.5356","0","0","0"
03/24/2020 20:30,"8.4961","2178.2019","0","2178.2019","0","0","0"
03/24/2020 20:45,"8.4961","2157.5112","0","2157.5112","0","0","0"
03/24/2020 21:00,"8.4961","1151.5044","0","1151.5044","0","0","0"
03/24/2020 21:15,"8.4961","2150.6841","0","2150.6841","0","0","0"
03/24/2020 21:30,"8.4961","2087.7122","0","2087.7122","0","0","0"
03/24/2020 21:45,"8.4961","2140.0291","0","2140.0291","0","0","0"
03/24/2020 22:00,"8.4961","181.0431","0","181.0431","0","0","0"
03/24/2020 22:15,"8.4961","180.4175","0","180.4175","0","0","0"
03/24/2020 22:30,"8.4961","177.094","0","177.094","0","0","0"
03/24/2020 22:45,"8.4961","180.6469","0","180.6469","0","0","0"
03/24/2020 23:00,"8.4961","193.2151","0","193.2151","0","0","0"
03/24/2020 23:15,"8.4961","171.6328","0","171.6328","0","0","0"
03/24/2020 23:30,"8.4961","181.6036","0","181.6036","0","0","0"
03/24/2020 23:45,"8.4961","178.5679","0","178.5679","0","0","0"
03/25/2020 00:00,"8.4961","185.5985","0","185.5985","0","0","0"
03/25/2020 00:15,"8.4961","172.1378","0","172.1378","0","0","0"
03/25/2020 00:30,"8.4961","177.1868","0","177.1868","0","0","0"
03/25/2020 00:45,"8.4961","183.5631","0","183.5631","0","0","0"
03/25/2020 01:00,"8.4961","183.0603","0","183.0603","0","0","0"
03/25/2020 01:15,"8.4961","181.1134","0","181.1134","0","0","0"
03/25/2020 01:30,"8.4961","188.1047","0","188.1047","0","0","0"
03/25/2020 01:45,"8.4961","178.2587","0","178.2587","0","0","0"
03/25/2020 02:00,"8.4961","186.6911","0","186.6911","0","0","0"
03/25/2020 02:15,"8.4961","186.8415","0","186.8415","0","0","0"
03/25/2020 02:30,"8.4961","184.4854","0","184.4854","0","0","0"
03/25/2020 02:45,"8.4961","181.5986","0","181.5986","0","0","0"
03/25/2020 03:00,"8.3297","185.536","0","179.8693","0","0","5.6667"
03/25/2020 03:15,"7.997","178.1514","0","178.1514","0","0","0"
03/25/2020 03:30,"7.997","213.1541","0","191.1541","0","0","22"
03/25/2020 03:45,"7.997","186.2993","0","175.966","0","0","10.3333"
03/25/2020 04:00,"7.997","192.4268","0","181.4268","0","0","11"
03/25/2020 04:15,"7.997","176.591","0","176.591","0","0","0"
03/25/2020 04:30,"7.997","172.5974","0","172.5974","0","0","0"
03/25/2020 04:45,"7.997","172.6054","0","172.6054","0","0","0"
03/25/2020 05:00,"7.997","180.6472","0","180.6472","0","0","0"
03/25/2020 05:15,"7.997","180.5266","0","180.5266","0","0","0"
03/25/2020 05:30,"7.997","169.748","0","169.748","0","0","0"
03/25/2020 05:45,"7.997","194.3352","0","153.0019","0","0","41.3333"
03/25/2020 06:00,"7.997","176.1988","4.3676","49.5664","0","0","131"
03/25/2020 06:15,"7.997","166.0057","607.3276","0","773.3333","0","773.3333"
03/25/2020 06:30,"7.997","175.0139","1000.6527","0","1175.6666","0","1175.6666"
03/25/2020 06:45,"7.997","154.1633","1434.17","0","1588.3334","0","1588.3334"
03/25/2020 07:00,"7.997","1199.1082","1229.329","392.1037","2036.3334","0","2036.3334"
03/25/2020 07:15,"7.997","2174.6406","783.5203","535.8275","2422.3333","0","2422.3333"
03/25/2020 07:30,"7.997","2231.4829","823.8389","342.6551","2712.6667","0","2712.6667"
03/25/2020 07:45,"7.997","2221.1555","905.5377","144.0263","2982.6667","0","2982.6667"
03/25/2020 08:00,"7.997","2237.6458","982.0578","20.7036","3199","0","3199"
03/25/2020 08:15,"7.997","1213.2505","2246.0828","0","3459.3333","0","3459.3333"
03/25/2020 08:30,"7.997","1192.3401","2463.3267","0","3655.6667","0","3655.6667"
03/25/2020 08:45,"7.997","1235.1021","2605.2312","0","3840.3333","0","3840.3333"
03/25/2020 09:00,"7.997","2308.0823","1711.5845","0","4019.6667","0","4019.6667"
03/25/2020 09:15,"7.997","2308.5195","1799.1469","0","4107.6665","0","4107.6665"
03/25/2020 09:30,"7.997","1239.322","2997.3445","0","4236.6665","0","4236.6665"
03/25/2020 09:45,"7.997","2355.9521","1970.3812","0","4326.3335","0","4326.3335"
03/25/2020 10:00,"7.997","2334.1145","2063.8855","0","4398","0","4398"
03/25/2020 10:15,"7.997","3432.9233","1024.4103","0","4457.3335","0","4457.3335"
03/25/2020 10:30,"7.997","3416.1724","1124.8276","0","4541","0","4541"
03/25/2020 10:45,"7.997","3404.417","1159.2494","0","4563.6665","0","4563.6665"
03/25/2020 11:00,"7.997","3440.5864","1119.4137","0","4560","0","4560"
03/25/2020 11:15,"7.997","3475.8345","1065.1655","0","4541","0","4541"
03/25/2020 11:30,"7.997","3494.2385","999.4279","0","4493.6665","0","4493.6665"
03/25/2020 11:45,"8.6625","3413.397","491.2697","0","4570.6665","998.9999","3904.6667"
03/25/2020 12:00,"11.3245","3552.8782","272.1402","13.0182","4547.0415","735.0417","3812"
03/25/2020 12:15,"13.831","3483.4377","7.5665","5.3375","4366.3125","880.6458","3485.6667"
03/25/2020 12:30,"16.1603","3518.9363","3.0928","20.3622","4337.2915","835.625","3501.6667"
03/25/2020 12:45,"18.1604","3526.833","6.6307","8.4638","4225.5625","700.5625","3525"
03/25/2020 13:00,"19.9978","3492.3198","12.2511","10.5711","4165.9585","671.9583","3494"
03/25/2020 13:15,"21.4952","3528.7158","8.06","16.4427","3931.8125","411.4792","3520.3333"
03/25/2020 13:30,"22.3271","3618.8435","22.0155","34.1925","3908.1458","301.4792","3606.6667"
03/25/2020 13:45,"22.9926","3355.0974","29.2462","23.0103","3529.9792","168.6458","3361.3333"
03/25/2020 14:00,"23.4918","3462.3071","10.8648","66.1719","3420.3542","13.3542","3407"
03/25/2020 14:15,"22.8262","3452.2429","4.8694","23.1124","3138.4792","-295.5208","3434"
03/25/2020 14:30,"21.4952","3418.793","5.8558","4.6487","2935.5625","-484.4375","3420"
03/25/2020 14:45,"19.6651","3418.8704","1.8662","10.7365","2768.7708","-641.2292","3410"
03/25/2020 15:00,"16.9922","3305.751","14.0142","10.7651","2331.6042","-977.3958","3309"
03/25/2020 15:15,"12.9955","3381.2959","4.0452","27.0077","2080.25","-1278.0834","3358.3333"
03/25/2020 15:30,"9.8271","3390.2007","0","1642.5342","1747.6666","0","1747.6666"
03/25/2020 15:45,"9.4944","3386.3198","0","1912.3198","1474","0","1474"
03/25/2020 16:00,"8.9952","3393.4963","0","2399.1631","994.3333","0","994.3333"
03/25/2020 16:15,"9.328","2324.959","65.1055","1776.0646","720.25","106.25","614"
03/25/2020 16:30,"9.4944","1222.6621","66.0373","955.0328","466.1458","132.4792","333.6667"
03/25/2020 16:45,"9.4944","1205.9209","45.4653","1019.7196","342.1875","110.5208","231.6667"
03/25/2020 17:00,"9.6607","2247.5955","16.6469","2022.5756","241.6667","0","241.6667"
03/25/2020 17:15,"9.4944","2242.3552","0","2142.3552","0","0","100"
03/25/2020 17:30,"9.4944","2244.0991","0","2233.7659","0","0","10.3333"
03/25/2020 17:45,"9.4944","2222.9722","0","2222.9722","0","0","0"
03/25/2020 18:00,"9.4944","2238.2329","0","2238.2329","0","0","0"
03/25/2020 18:15,"9.4944","2233.9485","0","2233.9485","0","0","0"
03/25/2020 18:30,"9.4944","2214.127","0","2214.127","0","0","0"
03/25/2020 18:45,"9.4944","1190.4918","0","1190.4918","0","0","0"
03/25/2020 19:00,"9.4944","2225.3491","0","2225.3491","0","0","0"
03/25/2020 19:15,"9.1616","1207.9434","0","1207.9434","0","0","0"
03/25/2020 19:30,"8.9952","1632.2213","0","1632.2213","0","0","0"
03/25/2020 19:45,"8.9952","2177.5562","0","2177.5562","0","0","0"
03/25/2020 20:00,"8.9952","2199.124","0","2199.124","0","0","0"
03/25/2020 20:15,"8.9952","2185.0386","0","2185.0386","0","0","0"
03/25/2020 20:30,"8.9952","1162.7491","0","1162.7491","0","0","0"
03/25/2020 20:45,"8.9952","2159.2024","0","2159.2024","0","0","0"
03/25/2020 21:00,"8.9952","1181.4788","0","1181.4788","0","0","0"
03/25/2020 21:15,"8.9952","2168.7556","0","2168.7556","0","0","0"
03/25/2020 21:30,"8.9952","2151.916","0","2151.916","0","0","0"
03/25/2020 21:45,"8.9952","2173.197","0","2173.197","0","0","0"
03/25/2020 22:00,"8.9952","2143.554","0","2143.554","0","0","0"
03/25/2020 22:15,"8.4961","1142.7571","0","1142.7571","0","0","0"
03/25/2020 22:30,"8.4961","1176.6409","0","1176.6409","0","0","0"
03/25/2020 22:45,"8.4961","2137.0791","0","2137.0791","0","0","0"
03/25/2020 23:00,"8.4961","2130.4526","0","2130.4526","0","0","0"
03/25/2020 23:15,"8.4961","2134.5989","0","2134.5989","0","0","0"
03/25/2020 23:30,"8.4961","1152.6755","0","1152.6755","0","0","0"
03/25/2020 23:45,"8.4961","2106.6748","0","2106.6748","0","0","0"
03/26/2020 00:00,"8.4961","169.2995","0","169.2995","0","0","0"
03/26/2020 00:15,"8.4961","187.2137","0","187.2137","0","0","0"
03/26/2020 00:30,"8.4961","175.0612","0","175.0612","0","0","0"
03/26/2020 00:45,"8.4961","187.7768","0","187.7768","0","0","0"
03/26/2020 01:00,"8.4961","183.8017","0","183.8017","0","0","0"
03/26/2020 01:15,"8.4961","180.5668","0","180.5668","0","0","0"
03/26/2020 01:30,"8.4961","180.143","0","180.143","0","0","0"
03/26/2020 01:45,"8.4961","178.6057","0","178.6057","0","0","0"
03/26/2020 02:00,"8.4961","185.2183","0","185.2183","0","0","0"
03/26/2020 02:15,"8.4961","184.8355","0","184.8355","0","0","0"
03/26/2020 02:30,"8.3297","185.1847","0","185.1847","0","0","0"
03/26/2020 02:45,"7.997","200.5561","0","187.8894","0","0","12.6667"
03/26/2020 03:00,"7.997","176.6825","0","176.6825","0","0","0"
03/26/2020 03:15,"7.997","181.6964","0","181.6964","0","0","0"
03/26/2020 03:30,"7.997","186.9933","0","176.66","0","0","10.3333"
03/26/2020 03:45,"7.997","212.4928","0","191.1595","0","0","21.3333"
03/26/2020 04:00,"7.997","194.7182","0","184.7182","0","0","10"
03/26/2020 04:15,"7.997","191.8728","0","181.5394","0","0","10.3333"
03/26/2020 04:30,"7.997","192.0231","0","182.0231","0","0","10"
03/26/2020 04:45,"7.997","186.0185","0","186.0185","0","0","0"
03/26/2020 05:00,"7.997","203.0165","0","191.6832","0","0","11.3333"
03/26/2020 05:15,"7.997","181.6805","0","169.0138","0","0","12.6667"
03/26/2020 05:30,"7.997","159.9646","0","159.9646","0","0","0"
03/26/2020 05:45,"7.997","158.0278","0","140.3611","0","0","17.6667"
03/26/2020 06:00,"7.997","167.7324","17.7379","35.8037","0","0","149.6667"
03/26/2020 06:15,"7.997","160.9638","402.3695","0","563.3333","0","563.3333"
03/26/2020 06:30,"7.997","169.3418","408.9915","0","578.3333","0","578.3333"
03/26/2020 06:45,"7.997","177.1634","451.8366","0","629","0","629"
03/26/2020 07:00,"7.997","1165.8881","727.3483","187.903","1705.3334","0","1705.3334"
03/26/2020 07:15,"7.997","2215.3755","245.1628","1567.5382","893","0","893"
03/26/2020 07:30,"7.997","1163.2653","375.0387","870.304","668","0","668"
03/26/2020 07:45,"7.997","1165.8328","592.4921","625.6582","1132.6666","0","1132.6666"
03/26/2020 08:00,"7.997","2066.2356","564.4763","398.3786","2232.3333","0","2232.3333"
03/26/2020 08:15,"7.997","2215.4448","1482.5552","0","3698","0","3698"
03/26/2020 08:30,"7.997","2492.7295","1631.6041","0","4124.3335","0","4124.3335"
03/26/2020 08:45,"8.1633","2464.1467","1550.6216","416.4352","3931.6875","1000.0625","3598.3333"
03/26/2020 09:00,"10.6626","2324.3025","1398.9008","42.2034","4360.625","679.625","3681"
03/26/2020 09:15,"16.4931","2334.042","15.4637","765.1724","3348.8958","1764.5625","1584.3334"
03/26/2020 09:30,"21.3288","1319.6001","151.7509","4.6844","3301.5","1834.8334","1466.6666"
03/26/2020 09:45,"26.8265","1910.1647","604.3715","69.8694","3819.3542","1374.6875","2444.6667"
03/26/2020 10:00,"32.9933","2250.7808","245.0178","22.1319","4624.771","2151.1042","2473.6667"
03/26/2020 10:15,"37.16","3385.6855","5.2676","13.6198","4701.896","1324.5625","3377.3333"
03/26/2020 10:30,"40.6612","3433.2776","7.4984","1.1091","4737.646","1297.9791","3439.6667"
03/26/2020 10:45,"44.3287","3431.2266","17.4401","0","4775.646","1326.625","3448.6667"
03/26/2020 11:00,"47.8262","3494.6531","6.6434","8.9633","4813.2915","1320.9584","3492.3333"
03/26/2020 11:15,"51.4974","3470.0071","6.5086","1.8489","4863.646","1388.9791","3474.6667"
03/26/2020 11:30,"54.9913","3474.5796","0","41.9127","4746.5415","1313.875","3432.6667"
03/26/2020 11:45,"58.4961","3971.0784","4.532","726.277","5272.9585","2023.6249","3249.3333"
03/26/2020 12:00,"61.4945","3469.4597","0","13.1264","4634.8125","1178.4791","3456.3333"
03/26/2020 12:15,"64.3301","3480.7832","1.8818","14.9982","4438.896","971.2292","3467.6667"
03/26/2020 12:30,"66.6594","3511.396","0.6065","23.3357","4353.2915","864.625","3488.6667"
03/26/2020 12:45,"68.4932","3502.9385","14.7161","14.6546","4260.6875","757.6875","3503"
03/26/2020 13:00,"70.3306","3529.1077","4.5159","17.2903","4162.0625","645.7292","3516.3333"
03/26/2020 13:15,"71.828","3507.4167","0","68.4167","4116.104","677.1042","3439"
03/26/2020 13:30,"72.8262","3366.8091","52.5511","4.0268","3674.9375","259.6042","3415.3333"
03/26/2020 13:45,"73.4918","3542.314","21.5232","81.1704","3735.4375","252.7708","3482.6667"
03/26/2020 14:00,"73.159","3463.4622","17.8957","3.358","3326.3333","-151.6667","3478"
03/26/2020 14:15,"72.4935","3472.6187","4.4385","7.0572","3123.8333","-346.1667","3470"
03/26/2020 14:30,"70.9961","3545.7646","0","57.7647","2951.5833","-536.4167","3488"
03/26/2020 14:45,"68.8296","3487.3762","0","32.3763","2681.0417","-773.9583","3455"
03/26/2020 15:00,"65.9939","3423.05","0","35.0501","2497.2708","-890.7292","3388"
03/26/2020 15:15,"61.9936","3427.0476","92.0726","9.4533","2011.7709","-1497.8959","3509.6667"
03/26/2020 15:30,"57.4942","3371.7698","15.2971","52.7335","1769.1459","-1565.1875","3334.3333"
03/26/2020 15:45,"52.1629","3393.3511","0","14.0178","1557.8959","-1821.4375","3379.3333"
03/26/2020 16:00,"45.4933","3374.4019","8.4254","1.1608","1067.7291","-2313.9375","3381.6667"
03/26/2020 16:15,"37.9955","3369.9521","0","29.2854","955.6667","-2385","3340.6667"
03/26/2020 16:30,"30.8304","2308.3486","30.2615","16.9433","463.3542","-1858.3125","2321.6667"
03/26/2020 16:45,"24.3309","1220.4326","1016.7784","7.2109","0","-2070.2292","2230"
03/26/2020 17:00,"17.8277","1180.7998","14.5296","6.3294","0","-1045.0834","1189"
03/26/2020 17:15,"11.8273","1851.4893","108.8608","53.0168","0","-1907.3334","1907.3334"
03/26/2020 17:30,"9.8271","2231.2351","0","2231.2351","0","0","0"
03/26/2020 17:45,"9.4944","2218.4434","0","2218.4434","0","0","0"
03/26/2020 18:00,"9.4944","2128.353","0","2128.353","0","0","0"
03/26/2020 18:15,"9.328","2205.9036","0","2205.9036","0","0","0"
03/26/2020 18:30,"8.9952","2192.2114","0","2192.2114","0","0","0"
03/26/2020 18:45,"8.9952","1183.5676","0","1183.5676","0","0","0"
03/26/2020 19:00,"8.9952","2186.6816","0","2186.6816","0","0","0"
03/26/2020 19:15,"8.9952","2203.3855","0","2203.3855","0","0","0"
03/26/2020 19:30,"8.9952","2489.7019","0","2489.7019","0","0","0"
03/26/2020 19:45,"8.9952","2190.9531","0","2190.9531","0","0","0"
03/26/2020 20:00,"8.9952","2184.4312","0","2184.4312","0","0","0"
03/26/2020 20:15,"8.9952","2198.6113","0","2198.6113","0","0","0"
03/26/2020 20:30,"8.9952","1191.8076","0","1191.8076","0","0","0"
03/26/2020 20:45,"8.9952","2115.5261","0","2115.5261","0","0","0"
03/26/2020 21:00,"8.9952","1470.2333","0","1470.2333","0","0","0"
03/26/2020 21:15,"8.8288","2768.3118","0","2768.3118","0","0","0"
03/26/2020 21:30,"8.4961","2182.2175","0","2182.2175","0","0","0"
03/26/2020 21:45,"8.4961","2144.0093","0","2144.0093","0","0","0"
03/26/2020 22:00,"8.4961","2134.3616","0","2134.3616","0","0","0"
03/26/2020 22:15,"8.4961","1157.6218","0","1157.6218","0","0","0"
03/26/2020 22:30,"8.4961","2163.2341","0","2163.2341","0","0","0"
03/26/2020 22:45,"8.4961","1386.177","0","1386.177","0","0","0"
03/26/2020 23:00,"8.4961","2139.3267","0","2139.3267","0","0","0"
03/26/2020 23:15,"8.4961","2156.7568","0","2156.7568","0","0","0"
03/26/2020 23:30,"8.4961","2109.8281","0","2109.8281","0","0","0"
03/26/2020 23:45,"0","1136.08","0","1136.08","0","0","0"
